experiment,method,throughput_tps,throughput_std,speedup,ttft_ms,ttft_std,tpot_ms,tpot_std,acceptance_rate,acceptance_std,avg_path_length,path_length_std,total_rounds,tokens_per_round,peak_memory_mb
main,Baseline (AR),131.94970687326298,0.7137346486781571,1.0,19.048319570720196,5.735202958119543,7.515372251470883,0.03477488501043957,0.0,0.0,0.0,0.0,300,1.0,5731.087890625
main,Linear Spec (K=5),134.62475203258094,25.320504101592007,1.0202732179002665,14.17509987950325,6.458253262809545,7.607363807037473,1.2413947970467245,0.7716924382013707,0.136171619160112,3.8584621910068533,0.68085809580056,79,3.7974683544303796,5812.99755859375
main,"Fixed Tree (D=5, B=2)",158.31026956698875,27.2103125441642,1.199777349403625,12.224388681352139,2.2200103147068497,6.440253422285119,0.966103780829665,0.647657264313566,0.1275404170306062,4.533600850194962,0.8927829192142434,68,4.411764705882353,5812.10546875
main,Phase 1: Adaptive Branch,151.21918844043563,31.465859171167484,1.146036562140156,13.707907870411873,5.206195751567957,6.8351099248975515,1.3231935251306264,0.627237441964281,0.14037197946039448,4.390662093749967,0.9826038562227614,71,4.225352112676056,5809.38232421875
main,Phase 2: + Dynamic Depth,126.03199374108502,37.55996380135947,0.9551517523425657,18.42792695388198,7.706920148315143,8.733459377350908,2.892651301161256,0.6558237041559696,0.1824405498316216,4.590765929091788,1.2770838488213516,69,4.3478260869565215,5809.17138671875
main,Phase 3: + History Adjust,144.73206719301956,48.68838494564651,1.096872972457862,14.360394701361656,5.299125045430744,7.7002609974394245,2.632110953232236,0.6558237041559696,0.1824405498316216,4.590765929091788,1.2770838488213516,69,4.3478260869565215,5809.17138671875
