experiment,method,throughput_tps,throughput_std,speedup,ttft_ms,ttft_std,tpot_ms,tpot_std,acceptance_rate,acceptance_std,avg_path_length,path_length_std,total_rounds,tokens_per_round,peak_memory_mb
main,Baseline (AR),137.9157697920443,1.0910469455346723,1.0,20.457023102790117,5.707559766004869,7.237618275607626,0.054266486391979216,0.0,0.0,0.0,0.0,1500,1.0,6109.54638671875
main,Linear Spec (K=5),188.88065163707967,29.09745489395306,1.3695362895909768,14.78100772947073,3.2172766761150924,5.4331592369203765,0.9704603024852946,1.0476480802175572,0.14240757323246472,5.238240401087786,0.7120378661623238,292,5.136986301369863,6305.34326171875
main,"Fixed Tree (D=5, B=2)",201.00187934544928,24.44127624366216,1.4574249170238407,14.78986032307148,3.311337201610695,5.045418616943062,0.6655760539221718,0.8603588418797461,0.08414235146036989,6.022511893158223,0.5889964602225891,251,5.9760956175298805,6308.068359375
main,Phase 1: Adaptive Branch,206.59497395779272,25.994703329915808,1.4979793410811981,14.586431439965963,3.2886682497920376,4.915494595592221,0.6780707031573688,0.8803870796425368,0.07861960989063456,6.162709557497758,0.5503372692344419,245,6.122448979591836,6305.90283203125
main,Phase 2: + Dynamic Depth,233.28667920066306,33.98430428253479,1.691515622560229,14.697333239018917,3.352982046015196,4.384811565962932,0.7450535825948025,1.0337292887644642,0.19967315554298234,7.236105021351247,1.397712088800876,216,6.944444444444445,6306.693359375
main,Phase 3: + History Adjust,234.10712493123202,33.62659992194951,1.6974645124645966,14.459726866334677,3.110144336129057,4.366676302564641,0.7353466495427113,1.0511415160538193,0.17965721633320741,7.357990612376736,1.2576005143324516,210,7.142857142857143,6304.91259765625
