experiment,method,throughput_tps,throughput_std,speedup,ttft_ms,ttft_std,tpot_ms,tpot_std,acceptance_rate,acceptance_std,avg_path_length,path_length_std,total_rounds,tokens_per_round,peak_memory_mb
main,Baseline (AR),133.21883275474696,0.8244469307630105,1.0,18.834225833415985,5.894029096977927,7.496269676161722,0.04393674831805095,0.0,0.0,0.0,0.0,1800,1.0,6223.6103515625
main,Linear Spec (K=5),160.81234348397027,28.183186497025122,1.207129203571558,17.424277123063803,5.591209114252589,6.420241417570248,1.233009730390791,0.9932036807176955,0.08862619566567317,4.966018403588477,0.4431309783283659,365,4.931506849315069,6444.22216796875
main,"Fixed Tree (D=5, B=2)",188.02238523942546,17.7783129530431,1.4113799179247477,16.9781900011003,5.129049816718679,5.360928346299462,0.5523192916896307,0.8331079398550646,0.08301703099164094,5.831755578985452,0.5811192169414868,312,5.769230769230769,6441.81005859375
main,Phase 1: Adaptive Branch,188.39281638452502,23.45331114847975,1.4141605393837386,16.970708407461643,5.034673759243323,5.384783974020846,0.6975584378543703,0.8351633931706204,0.09584490160056032,5.846143752194341,0.6709143112039223,312,5.769230769230769,6445.0859375
main,Phase 2: + Dynamic Depth,216.26681506046094,23.85074424488699,1.6233952106351477,17.012356780469418,5.130903294737521,4.67342497025513,0.5363645481291407,0.9939336960910568,0.14673688525132364,6.957535872637398,1.0271581967592656,264,6.818181818181818,6442.607421875
main,Phase 3: + History Adjust,219.0963671512091,21.039702851617353,1.6446350911553238,16.962866950780153,5.309757020302756,4.596228366614215,0.4320208276427641,1.0400686385258675,0.1104999022681366,7.280480469681073,0.7734993158769563,250,7.2,6443.03125
