experiment,method,throughput_tps,throughput_std,speedup,ttft_ms,ttft_std,tpot_ms,tpot_std,acceptance_rate,acceptance_std,avg_path_length,path_length_std,total_rounds,tokens_per_round,peak_memory_mb
main,Baseline (AR),83.29405231305347,27.70310095094582,1.0,36.984352488070726,13.462030490610514,12.755762215703726,3.267104866270708,0.0,0.0,0.0,0.0,100,1.0,5662.6787109375
main,Linear Spec (K=5),94.25759015519141,27.651692018779077,1.1316244982406718,12.673496920615435,2.1279296179601985,11.069869758561254,2.057022120157853,0.5488846175917115,0.15831063945609034,2.7444230879585567,0.7915531972804517,38,2.6315789473684212,5711.5595703125
main,"Fixed Tree (D=5, B=2)",103.53566169591576,39.23354405898593,1.2430138625839209,13.633666094392538,2.5185622396469434,11.183474386110902,4.897994926743284,0.43106203189567927,0.15316843235277944,3.017434223269754,1.0721790264694562,36,2.7777777777777777,5710.962890625
main,Phase 1: Adaptive Branch,109.56438782991495,37.68411218728196,1.3153926935638418,14.305426832288504,5.371099320155886,10.184191389009356,4.127407604290533,0.44328793031909963,0.16390423964133757,3.1030155122336973,1.1473296774893629,35,2.857142857142857,5717.21728515625
main,Phase 2: + Dynamic Depth,101.44722062818718,21.76162997459606,1.2179407510023237,14.708898309618235,4.996921298510504,10.22717576380819,2.45511211535572,0.4346744181146905,0.1817007657002864,3.0427209268028337,1.2719053599020047,36,2.7777777777777777,5712.26708984375
main,Phase 3: + History Adjust,116.58669731262287,35.574883729116486,1.3997001475500541,12.507836520671844,1.8770825893139267,9.009090710431337,1.8759456277899365,0.40340580398077686,0.1964986159809271,2.823840627865438,1.37549031186649,40,2.5,5711.322265625
