experiment,method,throughput_tps,throughput_std,speedup,ttft_ms,ttft_std,tpot_ms,tpot_std,acceptance_rate,acceptance_std,avg_path_length,path_length_std,total_rounds,tokens_per_round,peak_memory_mb
main,Baseline (AR),76.4078116151463,28.89320394394013,1.0,17.34667094424367,1.7054603967971873,14.703695241672296,4.5233638123845115,0.0,0.0,0.0,0.0,1500,1.0,5968.3916015625
main,Linear Spec (K=5),71.45559145953784,10.84359184580453,0.9351869913438696,19.67683918774128,4.774309899191399,14.318221019953487,2.2605148501598777,0.9907327727139806,0.1466248344698267,4.953663863569904,0.7331241723491335,311,4.823151125401929,6136.2421875
main,"Fixed Tree (D=5, B=2)",63.87394898605305,8.217427459168562,0.8359609788037868,13.811021391302347,2.4072475279427366,15.950412456380823,2.387555033403422,0.8393004590491951,0.09877595735296289,5.8751032133443655,0.6914317014707401,259,5.7915057915057915,6138.77978515625
main,Phase 1: Adaptive Branch,70.95775081363493,8.524515533466003,0.928671418716159,13.257052097469568,2.0255435610196697,14.297316538915037,1.7879950561080846,0.8673916091125905,0.058296169642367036,6.071741263788133,0.4080731874965693,248,6.048387096774194,6136.96923828125
main,Phase 2: + Dynamic Depth,76.78835243821935,8.294595996278414,1.0049803915990916,13.026895001530647,2.5768531805351254,13.194484157611925,1.686763463716657,0.9825477590194456,0.1414219830696922,6.877834313136118,0.9899538814878451,224,6.696428571428571,6135.72412109375
main,Phase 3: + History Adjust,77.52698972041023,8.993414608123398,1.014647430434221,12.73430846631527,1.9942004458770153,13.10659690083315,1.8850794873268912,1.043553562601813,0.05841699376530842,7.304874938212691,0.4089189563571586,206,7.281553398058253,6134.90185546875
