experiment,method,throughput_tps,throughput_std,speedup,ttft_ms,ttft_std,tpot_ms,tpot_std,acceptance_rate,acceptance_std,avg_path_length,path_length_std,total_rounds,tokens_per_round,peak_memory_mb
main,Baseline (AR),137.639067774137,0.5971726155750613,1.0,16.926657781004906,4.065962106221665,7.254231474983195,0.030300675066132567,0.0,0.0,0.0,0.0,1500,1.0,6115.69287109375
main,Linear Spec (K=5),176.02061253282804,25.066802115446315,1.2788564713448538,9.693591855466366,2.9779909558859297,5.805664718709886,0.9251207717442277,0.9843085815547725,0.12371998291976075,4.921542907773864,0.6185999145988038,310,4.838709677419355,6343.69189453125
main,"Fixed Tree (D=5, B=2)",183.07211727225848,31.407441532313186,1.3300883261769558,10.838411841541529,3.636805102564551,5.681872586781781,1.3435734641703967,0.8226947278248986,0.08486791672205588,5.7588630947742905,0.594075417054391,263,5.7034220532319395,6347.0732421875
main,Phase 1: Adaptive Branch,192.38636364704317,9.739030346752303,1.3977598566908735,10.722726862877607,3.490511471834835,5.20383281186223,0.2593822314940634,0.8193568552806996,0.05492809131447252,5.735497986964897,0.38449663920130756,262,5.7251908396946565,6345.27685546875
main,Phase 2: + Dynamic Depth,194.2863669703043,24.407154209131292,1.4115641010379727,10.105257946997881,2.78838855412012,5.23096372205764,0.726599391938606,0.8393363055276499,0.1481624419580808,5.875354138693548,1.0371370937065656,265,5.660377358490566,6346.87060546875
main,Phase 3: + History Adjust,198.49297196745403,23.797977888137513,1.4421266808721567,10.124809574335814,2.897514016143151,5.11613550397257,0.7125251628960447,0.8777964850210905,0.15678938700883427,6.144575395147634,1.0975257090618398,254,5.905511811023622,6349.380859375
