experiment,method,throughput_tps,throughput_std,speedup,ttft_ms,ttft_std,tpot_ms,tpot_std,acceptance_rate,acceptance_std,avg_path_length,path_length_std,total_rounds,tokens_per_round,peak_memory_mb
main,Baseline (AR),57.47539207007905,8.637740810079352,1.0,20.388596318662167,5.949727175874119,17.73856624600788,2.369568417135584,0.0,0.0,0.0,0.0,1500,1.0,5985.67529296875
main,Linear Spec (K=5),92.04297528410588,20.88493227285056,1.6014327518093132,16.93639475852251,2.9010901104049784,11.525959106534721,3.064879960487928,1.0167523046702658,0.11599631308949548,5.08376152335133,0.5799815654474775,299,5.016722408026756,6163.10009765625
main,"Fixed Tree (D=5, B=2)",65.75263705957362,10.199209751576667,1.144013719461056,13.753963075578213,2.8482203900806096,15.637762665686505,2.8608060581562724,0.7915968502316266,0.14840885690452293,5.541177951621387,1.0388619983316605,284,5.28169014084507,6161.28857421875
main,Phase 1: Adaptive Branch,71.78546181958129,11.017195964708883,1.2489773315866055,14.016256388276815,2.189755335482844,14.30496659297496,2.5460645648750084,0.7987510723505398,0.14815516773986867,5.591257506453779,1.0370861741790807,281,5.338078291814947,6161.19384765625
main,Phase 2: + Dynamic Depth,75.74260520834599,6.065941964007494,1.317826681651757,13.75329913571477,2.735010992034141,13.281640759793422,1.1044918039124205,0.9980113792883462,0.06686219686425406,6.986079655018424,0.46803537804977835,215,6.976744186046512,6160.97314453125
main,Phase 3: + History Adjust,83.02707210110407,19.33164927885216,1.4445673028183985,13.479372952133417,2.5702117895762964,12.597514567400017,2.4554630516766673,0.9924696246020884,0.15668095053490796,6.947287372214619,1.096766653744356,222,6.756756756756757,6160.8486328125
