experiment,method,throughput_tps,throughput_std,speedup,ttft_ms,ttft_std,tpot_ms,tpot_std,acceptance_rate,acceptance_std,avg_path_length,path_length_std,total_rounds,tokens_per_round,peak_memory_mb
main,Baseline (AR),133.63117273795663,0.3936795132790483,1.0,18.82692603394389,6.134749262077504,7.470797642817099,0.020386941537133982,0.0,0.0,0.0,0.0,1500,1.0,6110.0478515625
main,Linear Spec (K=5),170.02832810500166,18.921669053854128,1.2723702458139603,14.67828880995512,3.948327933174654,5.941830083914101,0.6346476013182596,0.9766699358505975,0.09608676547124308,4.883349679252987,0.48043382735621554,310,4.838709677419355,6315.60986328125
main,"Fixed Tree (D=5, B=2)",188.73980214890926,16.522046233224053,1.412393517783591,17.69910166040063,10.16293031818861,5.330598843035598,0.5098069391065692,0.825941627645741,0.07393047962268853,5.781591393520188,0.5175133573588199,261,5.747126436781609,6312.23486328125
main,Phase 1: Adaptive Branch,176.12870026659974,27.78467303580738,1.3180210624356221,15.541363880038261,3.45645994085082,5.80054370413224,0.8517379140701782,0.8192875510054638,0.10373545549717485,5.735012857038248,0.7261481884802239,265,5.660377358490566,6314.28515625
main,Phase 2: + Dynamic Depth,212.7263880177242,25.58187068407462,1.591891949005558,14.866044279187918,4.080489333508812,4.762215091722707,0.5959161975254271,0.9657002675557885,0.15608540089384387,6.759901872890519,1.0925978062569073,228,6.578947368421052,6311.9873046875
main,Phase 3: + History Adjust,218.4748509323377,21.68808062795246,1.6349093288341847,14.65207152068615,4.037758578769483,4.612792748150727,0.4583905285503166,1.0217663066942029,0.11998937420487714,7.152364146859421,0.8399256194341401,212,7.0754716981132075,6316.3779296875
