experiment,method,throughput_tps,throughput_std,speedup,ttft_ms,ttft_std,tpot_ms,tpot_std,acceptance_rate,acceptance_std,avg_path_length,path_length_std,total_rounds,tokens_per_round,peak_memory_mb
main,Baseline (AR),132.7963060587535,0.6646769041390649,1.0,18.911271821707487,6.050670077764075,7.517910752755901,0.03628325595394062,0.0,0.0,0.0,0.0,1500,1.0,6110.0478515625
main,Linear Spec (K=5),169.12074525685725,19.130862124631534,1.273535012201564,14.920486602932215,4.006683000123218,5.976139340735972,0.6503192985518935,0.9766699358505975,0.09608676547124308,4.883349679252987,0.48043382735621554,310,4.838709677419355,6313.806640625
main,"Fixed Tree (D=5, B=2)",188.00705437586652,16.471960268404192,1.4157551512967985,14.984074607491493,3.9304246467705934,5.352474287090202,0.5004697933712536,0.825941627645741,0.07393047962268853,5.781591393520188,0.5175133573588199,261,5.747126436781609,6312.76025390625
main,Phase 1: Adaptive Branch,186.53672283581145,25.19524978915606,1.4046830696727468,14.916901290416718,3.8972866072005217,5.451858178215723,0.7531217712083305,0.8192875510054638,0.10373545549717485,5.735012857038248,0.7261481884802239,265,5.660377358490566,6312.9453125
main,Phase 2: + Dynamic Depth,213.19966802149838,26.141897283542512,1.6054638442064177,14.876365754753351,4.0214560700750654,4.753916273638606,0.6016999200675284,0.9657002675557885,0.15608540089384387,6.759901872890519,1.0925978062569073,228,6.578947368421052,6310.35302734375
main,Phase 3: + History Adjust,218.4962245347198,22.175081167597188,1.6453486623193407,14.648692309856415,4.087667216006076,4.614128234858315,0.4661398758138825,1.0217663066942029,0.11998937420487714,7.152364146859421,0.8399256194341401,212,7.0754716981132075,6316.0927734375
