method,throughput_tps,throughput_std,speedup,ttft_ms,ttft_std,tpot_ms,tpot_std,acceptance_rate,acceptance_std,avg_path_length,path_length_std,total_rounds,tokens_per_round,peak_memory_mb
Baseline (AR),132.47369659943465,0.8427052070342144,1.0,32.42578860372305,28.424449762070353,7.516550556477159,0.028512151532224337,0.0,0.0,0.0,0.0,1000,1.0,6001.56689453125
"Tree Spec Decode (D=5, B=2)",174.4571461587843,24.029453000826912,1.3169191366818764,9.415343683212996,0.47660050956659183,5.830571879260242,0.7896501568502357,0.7890498940709004,0.09269027554575753,5.523349258496302,0.6488319288203027,183,5.46448087431694,6151.23828125
Adaptive Tree (Phase 3),177.49053543402073,35.19141170869435,1.3398171862804211,9.055895917117596,0.6005842974037974,5.837274041213095,1.119633129277455,0.8138387499401848,0.21087155659596662,5.696871249581294,1.4761008961717665,185,5.405405405405405,6150.8916015625
