experiment,method,throughput_tps,throughput_std,speedup,ttft_ms,ttft_std,tpot_ms,tpot_std,acceptance_rate,acceptance_std,avg_path_length,path_length_std,total_rounds,tokens_per_round,peak_memory_mb
main,Baseline (AR),110.11312302124222,27.799397625732013,1.0,32.98114715144038,22.920374298123967,9.72578441631049,3.1661824838046786,0.0,0.0,0.0,0.0,200,1.0,5699.509765625
main,Linear Spec (K=5),117.68469371889371,26.424497222499134,1.0687617469190374,12.488357536494732,2.282104253775159,8.789148576091975,1.6442878059982746,0.6829534013759948,0.15200277083162897,3.4147670068799734,0.7600138541581447,61,3.278688524590164,5762.38134765625
main,"Fixed Tree (D=5, B=2)",139.380827811242,28.336898053906047,1.2657967005835777,12.58861180394888,2.1898234312851868,7.357284141238779,1.230858002082428,0.564367618879562,0.14287186114704403,3.9505733321569343,1.0001030280293084,53,3.7735849056603774,5764.3935546875
main,Phase 1: Adaptive Branch,134.16955771142585,31.88858825159072,1.2184701880223927,12.657033931463957,2.135782828221783,7.757009517401457,1.6002362902860594,0.5587376685598702,0.145206155235226,3.911163679919092,1.016443086646582,54,3.7037037037037037,5763.17724609375
main,Phase 2: + Dynamic Depth,144.24526747456042,33.4242784761237,1.3099734483666736,13.876330200582743,5.2710112693875315,7.159836089704186,1.3519784200040958,0.5586958487039655,0.19117375375609408,3.910870940927758,1.3382162762926582,55,3.6363636363636362,5763.7177734375
main,Phase 3: + History Adjust,141.99506789919047,34.6443667681054,1.2895381041167802,12.72870171815157,2.7145907062745125,7.3111677202396095,1.4335615556466499,0.5328301680010027,0.20346994212707903,3.7298111760070194,1.424289594889553,59,3.389830508474576,5762.85546875
