experiment,method,throughput_tps,throughput_std,speedup,ttft_ms,ttft_std,tpot_ms,tpot_std,acceptance_rate,acceptance_std,avg_path_length,path_length_std,total_rounds,tokens_per_round,peak_memory_mb
main,Baseline (AR),136.5411354422385,0.620886655850921,1.0,18.765550293028355,6.193502429353818,7.305186134297401,0.02890627215322188,0.0,0.0,0.0,0.0,1000,1.0,5962.412109375
main,Linear Spec (K=5),166.4202250950717,22.560919501055498,1.21882848385623,12.40074960514903,2.6669221509991177,6.106898527964949,0.8248654981982008,0.934910214598745,0.11646185553519339,4.674551072993726,0.582309277675967,217,4.608294930875576,6104.31689453125
main,"Fixed Tree (D=5, B=2)",192.40130507279505,13.016880451905902,1.4091087235332629,12.382548581808805,2.690243538917612,5.208803058508783,0.3524133008440469,0.8076971979588142,0.05889819747798692,5.6538803857117,0.41228738234590856,177,5.649717514124294,6108.068359375
main,Phase 1: Adaptive Branch,185.63067786273186,27.234120434399745,1.359522002373123,12.378673814237118,2.580712418528055,5.49333627158776,0.8179989634041746,0.7791429467396951,0.11823282500162614,5.454000627177867,0.8276297750113829,187,5.347593582887701,6104.42236328125
main,Phase 2: + Dynamic Depth,211.34503120879293,29.804476454315594,1.5478487894821924,12.395980581641197,2.5560247611191165,4.82055906932801,0.7309003664980289,0.8962979901828119,0.17077073147934815,6.274085931279684,1.1953951203554372,165,6.0606060606060606,6105.12939453125
main,Phase 3: + History Adjust,215.42735556573842,26.54439527671102,1.5777469175717487,12.403282150626183,2.5103774009661453,4.702527436334639,0.5992916387950318,0.9474552646622753,0.14286998615733207,6.632186852635928,1.0000899031013246,154,6.4935064935064934,6105.26123046875
