experiment,method,throughput_tps,throughput_std,speedup,ttft_ms,ttft_std,tpot_ms,tpot_std,acceptance_rate,acceptance_std,avg_path_length,path_length_std,total_rounds,tokens_per_round,peak_memory_mb
main,Baseline (AR),119.37563389029533,18.896319293110096,1.0,22.391126956790686,7.988686780385976,8.616253151744603,1.6101125943288888,0.0,0.0,0.0,0.0,1500,1.0,6046.29443359375
main,Linear Spec (K=5),180.01652177557324,16.250480069625493,1.5079837979415975,13.976285979151726,1.0064094664427177,5.598287638835608,0.5868597373563996,1.0351752828927798,0.1018980439163813,5.175876414463899,0.5094902195819064,293,5.1194539249146755,6239.3251953125
main,"Fixed Tree (D=5, B=2)",199.0884677274612,16.903482828235283,1.667747941849012,13.946230709552765,0.9643544949092796,5.053717134396234,0.4767471183696194,0.8597221547531962,0.07775313575271486,6.018055083272373,0.5442719502690039,251,5.9760956175298805,6239.42138671875
main,Phase 1: Adaptive Branch,198.166513294637,20.015357851973704,1.6600248043645949,13.74039463698864,0.9033347190648359,5.0928819553926585,0.5542357925939447,0.864459660380424,0.06197897589619715,6.051217622662969,0.43385283127338026,249,6.024096385542169,6237.640625
main,Phase 2: + Dynamic Depth,219.6777665877026,22.490376503814822,1.8402228279649064,13.73960617929697,0.9222217826224467,4.593432749124864,0.49587282852902614,0.9883913645693972,0.12957536866443248,6.91873955198578,0.9070275806510274,220,6.818181818181818,6238.68359375
main,Phase 3: + History Adjust,220.4717187449342,22.361308728232107,1.846873700771674,15.911872312426567,5.268597106095685,4.575106768123806,0.4941905398280776,1.0137583495233045,0.11328839460387025,7.096308446663132,0.7930187622270919,214,7.009345794392523,6238.81494140625
