experiment,method,throughput_tps,throughput_std,speedup,ttft_ms,ttft_std,tpot_ms,tpot_std,acceptance_rate,acceptance_std,avg_path_length,path_length_std,total_rounds,tokens_per_round,peak_memory_mb
main,Baseline (AR),57.25044246468134,4.44786934942818,1.0,31.416024919599295,20.37857213316634,17.556384365695216,1.4177973424576644,0.0,0.0,0.0,0.0,1500,1.0,6011.0986328125
main,Linear Spec (K=5),106.39785733926631,12.41249089949719,1.8584634940577927,15.470188483595848,2.683823908081894,9.520387859456243,1.1334838549579134,0.9578920674635223,0.08605196490875218,4.789460337317612,0.43025982454376077,315,4.761904761904762,6196.18994140625
main,"Fixed Tree (D=5, B=2)",65.4830595171278,6.7089259380255655,1.1438000598427738,13.662097975611687,1.51907533928,15.428014175842204,1.6299023963446861,0.8403427600865119,0.05320604246823083,5.8823993206055825,0.372442297277616,256,5.859375,6194.90478515625
main,Phase 1: Adaptive Branch,63.31093396733782,9.614782996499642,1.1058592954350577,14.071995485574007,3.419198217227437,16.141879888189337,2.362622758855129,0.788816505229832,0.10392037711956868,5.521715536608824,0.7274426398369808,277,5.415162454873646,6194.0166015625
main,Phase 2: + Dynamic Depth,71.3502691823155,7.453562219896094,1.246283279405789,13.032332714647055,0.919309380466116,14.167035580736894,1.546839656544594,0.8464174134312111,0.17374025109500107,5.924921894018478,1.2161817576650076,266,5.639097744360902,6192.716796875
main,Phase 3: + History Adjust,141.76622542092645,64.1822602542321,2.476246808195136,13.008984737098217,1.7938839384852399,8.912903705549736,4.301319776282957,0.8918512503898576,0.13436205949088012,6.242958752729004,0.9405344164361609,246,6.097560975609756,6193.0634765625
