experiment,method,throughput_tps,throughput_std,speedup,ttft_ms,ttft_std,tpot_ms,tpot_std,acceptance_rate,acceptance_std,avg_path_length,path_length_std,total_rounds,tokens_per_round,peak_memory_mb
main,Baseline (AR),128.7946599551155,12.357633557831237,1.0,18.843735940754414,6.1297069131078965,7.845523229179284,1.009870564050715,0.0,0.0,0.0,0.0,1200,1.0,6011.3515625
main,Linear Spec (K=5),168.27079820669093,20.93522985161402,1.3065044642792856,12.67342809587717,2.9619144211910915,6.0215391001353655,0.7238055950611995,0.9557768746936114,0.10598193811679159,4.778884373468058,0.5299096905839581,254,4.724409448818897,6190.37841796875
main,"Fixed Tree (D=5, B=2)",169.24715983623878,31.46248572353482,1.3140852260118614,14.621051587164402,4.799421133869066,6.131628758196409,1.2855195082514042,0.8187698353808429,0.058929675448235144,5.731388847665899,0.4125077281376461,210,5.714285714285714,6188.6162109375
main,Phase 1: Adaptive Branch,186.03391022478823,25.676330144141396,1.4444225427484372,12.956964131444693,3.193587082712165,5.470488544631128,0.7728419899053672,0.7985280108975241,0.11025229453188476,5.589696076282669,0.7717660617231932,218,5.504587155963303,6189.44970703125
main,Phase 2: + Dynamic Depth,212.6261531449039,28.515069015643782,1.6508926163476296,12.917000148445368,3.170771299291915,4.781648622360081,0.6728613247423246,0.9265058409290013,0.16582375862121893,6.485540886503008,1.1607663103485324,191,6.282722513089006,6186.6650390625
main,Phase 3: + History Adjust,218.41688396684157,24.756335183454752,1.6958535706601432,12.974995374679565,3.0882899434355378,4.627851068430269,0.5353920591148926,0.9839590675135572,0.13284355170377268,6.887713472594901,0.9299048619264086,177,6.779661016949152,6186.6259765625
