{
  "baseline": {
    "method": "Baseline",
    "k_value": 0,
    "throughput": 72.29947624542403,
    "throughput_std": 22.69423017827445,
    "ttft_mean": 26.48329772055149,
    "ttft_std": 8.86146623293302,
    "tpot_mean": 14.731605783706964,
    "tpot_std": 3.224593517245408,
    "total_time_mean": 0.0,
    "total_time_std": 0.0,
    "acceptance_rate": 0.0,
    "tokens_per_round": 0.0,
    "total_rounds": 0,
    "peak_memory_mb": 5515.5380859375,
    "total_tokens": 500,
    "num_samples": 5,
    "per_sample_throughput": [
      58.320106508560684,
      59.19616899302041,
      59.517206766127224,
      67.23167361903192,
      117.23222534037993
    ],
    "per_sample_ttft": [
      40.86584411561489,
      28.48919853568077,
      28.27295195311308,
      19.97514721006155,
      14.813346788287163
    ],
    "per_sample_tpot": [
      16.90715823247276,
      16.77585161770835,
      16.68599419145271,
      14.822414464721776,
      8.46661041217922
    ]
  },
  "huggingface": [
    {
      "method": "HuggingFace",
      "k_value": 2,
      "throughput": 181.37975163813016,
      "throughput_std": 42.3329856061402,
      "ttft_mean": 10.458551719784737,
      "ttft_std": 0.0764919976450607,
      "tpot_mean": 5.773108559801723,
      "tpot_std": 1.340354704960495,
      "total_time_mean": 0.0,
      "total_time_std": 0.0,
      "acceptance_rate": 0.0,
      "tokens_per_round": 0.0,
      "total_rounds": 0,
      "peak_memory_mb": 5531.95556640625,
      "total_tokens": 500,
      "num_samples": 5,
      "per_sample_throughput": [
        241.4578850357624,
        217.66969585723947,
        174.1781504216264,
        138.65027593358235,
        134.9427509424401
      ],
      "per_sample_ttft": [
        10.593129321932793,
        10.476152412593365,
        10.441859252750874,
        10.417051613330841,
        10.364565998315811
      ],
      "per_sample_tpot": [
        4.0763411012412325,
        4.53470226828799,
        5.693767323262161,
        7.180020674084774,
        7.380711432132457
      ]
    },
    {
      "method": "HuggingFace",
      "k_value": 3,
      "throughput": 186.90933793218431,
      "throughput_std": 46.86302619192779,
      "ttft_mean": 10.383608937263489,
      "ttft_std": 0.10353173845489061,
      "tpot_mean": 5.640741424503351,
      "tpot_std": 1.3791201250152265,
      "total_time_mean": 0.0,
      "total_time_std": 0.0,
      "acceptance_rate": 0.0,
      "tokens_per_round": 0.0,
      "total_rounds": 0,
      "peak_memory_mb": 5531.95556640625,
      "total_tokens": 500,
      "num_samples": 5,
      "per_sample_throughput": [
        257.79890457188105,
        221.84321977413887,
        177.32817854105406,
        141.22967249239983,
        136.34671428144784
      ],
      "per_sample_ttft": [
        10.549438185989857,
        10.279877111315727,
        10.316361673176289,
        10.312702506780624,
        10.459665209054947
      ],
      "per_sample_tpot": [
        3.8116141927964757,
        4.44938296997788,
        5.592018234157803,
        7.048018163803852,
        7.3026735617807415
      ]
    },
    {
      "method": "HuggingFace",
      "k_value": 4,
      "throughput": 185.18738538088792,
      "throughput_std": 46.931308422219026,
      "ttft_mean": 10.621020756661892,
      "ttft_std": 0.16072620052451092,
      "tpot_mean": 5.701263113455338,
      "tpot_std": 1.4160447831638094,
      "total_time_mean": 0.0,
      "total_time_std": 0.0,
      "acceptance_rate": 0.0,
      "tokens_per_round": 0.0,
      "total_rounds": 0,
      "peak_memory_mb": 5531.95556640625,
      "total_tokens": 500,
      "num_samples": 5,
      "per_sample_throughput": [
        255.69280802844048,
        220.42006581116877,
        176.69019827229914,
        136.94249368049103,
        136.19136111204006
      ],
      "per_sample_ttft": [
        10.715579614043236,
        10.880721732974052,
        10.533459484577179,
        10.556763969361782,
        10.41857898235321
      ],
      "per_sample_tpot": [
        3.8422093058776374,
        4.472711941961086,
        5.610392842855718,
        7.269462241292602,
        7.311539235289651
      ]
    },
    {
      "method": "HuggingFace",
      "k_value": 5,
      "throughput": 186.11836386767425,
      "throughput_std": 46.7097937229311,
      "ttft_mean": 10.41701678186655,
      "ttft_std": 0.08427296882960303,
      "tpot_mean": 5.664606262562853,
      "tpot_std": 1.3821868490267142,
      "total_time_mean": 0.0,
      "total_time_std": 0.0,
      "acceptance_rate": 0.0,
      "tokens_per_round": 0.0,
      "total_rounds": 0,
      "peak_memory_mb": 5531.95556640625,
      "total_tokens": 500,
      "num_samples": 5,
      "per_sample_throughput": [
        256.5812765800811,
        221.70334185432915,
        175.51710884741854,
        140.66382133237545,
        136.12627072416706
      ],
      "per_sample_ttft": [
        10.564698837697506,
        10.326930321753025,
        10.367090813815594,
        10.374053381383419,
        10.452310554683208
      ],
      "per_sample_tpot": [
        3.830054069333004,
        4.45178042006011,
        5.650282188346892,
        7.076169702817093,
        7.314744932257166
      ]
    },
    {
      "method": "HuggingFace",
      "k_value": 6,
      "throughput": 186.52078333879075,
      "throughput_std": 46.97868118279305,
      "ttft_mean": 10.425047017633915,
      "ttft_std": 0.05660868363468046,
      "tpot_mean": 5.656727117420447,
      "tpot_std": 1.393881128061342,
      "total_time_mean": 0.0,
      "total_time_std": 0.0,
      "acceptance_rate": 0.0,
      "tokens_per_round": 0.0,
      "total_rounds": 0,
      "peak_memory_mb": 5531.95556640625,
      "total_tokens": 500,
      "num_samples": 5,
      "per_sample_throughput": [
        257.1739015068168,
        221.98682414281382,
        177.15324855013748,
        141.06816916339432,
        135.22177333079145
      ],
      "per_sample_ttft": [
        10.50583366304636,
        10.40866132825613,
        10.43801847845316,
        10.441434569656849,
        10.331287048757076
      ],
      "per_sample_tpot": [
        3.8215768796325933,
        4.445136618809869,
        5.596414114339183,
        7.054906093863526,
        7.365601880457064
      ]
    },
    {
      "method": "HuggingFace",
      "k_value": 7,
      "throughput": 185.8522568458053,
      "throughput_std": 46.5700296460144,
      "ttft_mean": 10.439778305590153,
      "ttft_std": 0.08859128626075674,
      "tpot_mean": 5.671558107691581,
      "tpot_std": 1.3824630717202244,
      "total_time_mean": 0.0,
      "total_time_std": 0.0,
      "acceptance_rate": 0.0,
      "tokens_per_round": 0.0,
      "total_rounds": 0,
      "peak_memory_mb": 5531.95556640625,
      "total_tokens": 500,
      "num_samples": 5,
      "per_sample_throughput": [
        256.2442899000461,
        221.03300780462533,
        175.4867457157165,
        140.6422081636372,
        135.85503264500144
      ],
      "per_sample_ttft": [
        10.530130006372929,
        10.419816710054874,
        10.501460172235966,
        10.469015687704086,
        10.278468951582909
      ],
      "per_sample_tpot": [
        3.8355804904542787,
        4.46465958587148,
        5.6499206658565635,
        7.076314020186963,
        7.331315776088623
      ]
    },
    {
      "method": "HuggingFace",
      "k_value": 8,
      "throughput": 176.81447584368294,
      "throughput_std": 34.99481240379144,
      "ttft_mean": 16.309047304093838,
      "ttft_std": 11.756034132088462,
      "tpot_mean": 5.779868836580502,
      "tpot_std": 1.236661609120043,
      "total_time_mean": 0.0,
      "total_time_std": 0.0,
      "acceptance_rate": 0.0,
      "tokens_per_round": 0.0,
      "total_rounds": 0,
      "peak_memory_mb": 5531.95556640625,
      "total_tokens": 500,
      "num_samples": 5,