experiment,method,throughput_tps,throughput_std,speedup,ttft_ms,ttft_std,tpot_ms,tpot_std,acceptance_rate,acceptance_std,avg_path_length,path_length_std,total_rounds,tokens_per_round,peak_memory_mb
main,Baseline (AR),123.85071800479238,18.007068080689496,1.0,22.70324034616351,12.095693622927618,8.315110394731164,1.9740173887046906,0.0,0.0,0.0,0.0,500,1.0,5798.40234375
main,Linear Spec (K=5),148.0294814017674,23.400553520739816,1.195225056313678,12.374050077050924,2.213110065145284,6.8886137111112475,1.0189794518406459,0.8546738890439116,0.12642551496684176,4.273369445219559,0.6321275748342089,119,4.201680672268908,5889.3330078125
main,"Fixed Tree (D=5, B=2)",158.12524670990348,37.365373849129206,1.2767406540492148,13.789860345423222,3.5362635261205586,6.697163540124893,1.7400766582093148,0.7380099288546942,0.10046624776312355,5.166069501982859,0.703263734341865,98,5.1020408163265305,5890.0791015625
main,Phase 1: Adaptive Branch,162.5160637578653,30.818347746613643,1.3121931497528887,12.499164510518312,2.2165544410595106,6.353869180940092,1.2198682088407975,0.6947618453956579,0.14001620121178657,4.863332917769606,0.9801134084825059,107,4.672897196261682,5892.18359375
main,Phase 2: + Dynamic Depth,183.6760178764602,29.555648306672307,1.4830436257087576,12.33764961361885,2.2713316159576715,5.55202217977494,0.8445328609526355,0.7676151258320159,0.17541546194372049,5.373305880824112,1.2279082336060436,97,5.154639175257732,5890.67138671875
main,Phase 3: + History Adjust,185.8437190202432,31.96238485257846,1.5005461576173666,12.399102095514536,2.3445216341793618,5.521992166526616,0.998861189569804,0.7984234850821396,0.17328229311883997,5.588964395574976,1.21297605183188,93,5.376344086021505,5891.10693359375
